start_time	duration	jellyfish_aurelia	jellyfish_ctenophora	jellyfish_unspecified	fish_unspecified	fish_cod	jellyfish_cyanea	fish_herring
2021-06-20 05:06:28.048	00:00:18	216.0	0.0	0.0	0.0	0.0	0.0	0.0
2021-06-20 05:23:58.959	00:00:08	103.0	0.0	0.0	0.0	0.0	0.0	0.0
2021-06-20 06:07:22.253	00:00:21	163.0	0.0	0.0	0.0	0.0	0.0	0.0
2021-06-20 06:17:42.244	00:00:17	147.0	0.0	0.0	0.0	0.0	0.0	0.0
2021-06-20 06:23:32.544	00:00:09	106.0	0.0	0.0	0.0	0.0	0.0	0.0
2021-06-20 06:37:35.375	00:00:26	0.0	442.0	0.0	0.0	0.0	0.0	0.0
2021-06-20 08:56:14.717	00:00:34	349.0	0.0	0.0	0.0	0.0	0.0	0.0
2021-06-20 09:46:37.851	00:00:21	454.0	0.0	4.0	0.0	0.0	0.0	0.0
2021-06-20 09:49:26.802	00:00:12	231.0	0.0	0.0	0.0	0.0	0.0	0.0
2021-06-20 10:38:19.807	00:00:07	119.0	0.0	0.0	0.0	0.0	0.0	0.0
2021-06-20 10:39:59.658	00:00:26	0.0	111.0	0.0	0.0	0.0	0.0	0.0
2021-06-20 11:08:42.970	00:00:04	44.0	0.0	0.0	0.0	0.0	0.0	0.0
2021-06-20 11:44:56.263	00:00:03	22.0	0.0	0.0	0.0	0.0	0.0	0.0
2021-06-20 12:36:42.397	00:00:15	0.0	36.0	0.0	0.0	0.0	0.0	0.0
2021-06-20 12:55:58.999	00:00:04	14.0	0.0	0.0	0.0	0.0	0.0	0.0
2021-06-20 15:14:19.871	00:00:10	33.0	0.0	0.0	0.0	0.0	0.0	0.0
2021-06-20 15:28:23.922	00:00:04	37.0	0.0	0.0	0.0	0.0	0.0	0.0
2021-06-20 15:36:58.643	00:00:17	0.0	0.0	0.0	212.0	0.0	0.0	0.0
2021-06-20 15:39:16.263	00:00:08	0.0	0.0	0.0	98.0	0.0	0.0	0.0
2021-06-20 15:39:24.763	00:00:10	0.0	0.0	0.0	85.0	0.0	0.0	0.0
2021-06-20 16:40:04.668	00:00:07	0.0	0.0	0.0	66.0	0.0	0.0	0.0
2021-06-20 17:08:25.440	00:00:07	5.0	0.0	0.0	117.0	0.0	0.0	0.0
2021-06-20 17:12:43.651	00:00:28	400.0	0.0	0.0	0.0	0.0	0.0	0.0
2021-06-20 17:17:55.971	00:00:06	0.0	0.0	0.0	14.0	0.0	0.0	0.0
2021-06-20 19:45:05.413	00:00:18	0.0	114.0	0.0	0.0	0.0	0.0	0.0
2021-06-20 19:57:06.674	00:00:26	331.0	17.0	0.0	0.0	0.0	0.0	0.0
2021-06-20 21:19:10.611	00:00:11	0.0	0.0	0.0	189.0	0.0	0.0	0.0
2021-06-21 05:17:28.030	00:00:18	45.0	0.0	0.0	0.0	0.0	0.0	0.0
2021-06-21 06:13:48.434	00:00:30	348.0	22.0	0.0	0.0	0.0	0.0	0.0
2021-06-21 06:16:13.464	00:00:24	45.0	0.0	0.0	0.0	33.0	0.0	0.0
2021-06-21 06:16:43.295	00:00:16	124.0	21.0	2.0	0.0	0.0	0.0	0.0
2021-06-21 06:17:24.925	00:00:05	0.0	16.0	0.0	0.0	0.0	0.0	0.0
2021-06-21 06:29:49.756	00:00:21	329.0	0.0	0.0	0.0	0.0	0.0	0.0
2021-06-21 06:40:31.607	00:00:27	80.0	0.0	0.0	0.0	0.0	0.0	0.0
2021-06-21 06:49:20.987	00:00:27	346.0	0.0	0.0	0.0	0.0	0.0	0.0
2021-06-21 06:54:06.898	00:00:28	453.0	12.0	0.0	0.0	0.0	0.0	0.0
2021-06-21 06:54:48.378	00:00:13	102.0	0.0	0.0	5.0	0.0	0.0	0.0
2021-06-21 07:08:14.049		634.0	0.0	0.0	0.0	0.0	0.0	0.0
2021-06-21 07:13:06.579	00:00:15	97.0	0.0	0.0	0.0	0.0	0.0	0.0
2021-06-21 08:33:36.836	00:00:15	163.0	0.0	0.0	0.0	0.0	0.0	0.0
2021-06-21 08:36:51.606	00:00:24	399.0	2.0	0.0	0.0	0.0	0.0	0.0
2021-06-21 08:47:57.067	00:00:17	187.0	0.0	0.0	0.0	0.0	40.0	0.0
2021-06-21 09:43:09.452	00:00:11	52.0	0.0	0.0	0.0	0.0	0.0	0.0
2021-06-21 09:46:51.492	00:00:05	0.0	0.0	0.0	22.0	0.0	0.0	0.0
2021-06-21 10:19:04.135	00:00:11	147.0	0.0	0.0	0.0	0.0	0.0	0.0
2021-06-21 12:24:18.850	00:00:14	0.0	79.0	0.0	0.0	0.0	0.0	0.0
2021-06-21 12:41:53.321	00:00:20	0.0	287.0	0.0	0.0	0.0	0.0	0.0
2021-06-21 12:42:37.991	00:00:11	166.0	0.0	0.0	0.0	0.0	0.0	0.0
2021-06-21 13:14:24.694	00:00:08	0.0	88.0	0.0	0.0	0.0	0.0	0.0
2021-06-21 13:26:17.295	00:00:33	224.0	0.0	0.0	0.0	0.0	0.0	0.0
2021-06-21 13:29:25.805	00:00:10	0.0	155.0	0.0	0.0	0.0	0.0	0.0
2021-06-21 13:36:00.496	00:00:07	49.0	0.0	0.0	0.0	0.0	0.0	0.0
2021-06-21 13:37:09.606	00:00:13	84.0	0.0	0.0	0.0	0.0	0.0	0.0
2021-06-21 13:50:18.077	00:00:15	158.0	0.0	0.0	0.0	0.0	0.0	0.0
2021-06-21 13:55:26.347	00:00:23	0.0	308.0	0.0	0.0	0.0	0.0	0.0
2021-06-21 14:27:09.240	00:00:04	17.0	0.0	0.0	0.0	0.0	0.0	0.0
2021-06-21 15:09:49.034	00:00:07	64.0	0.0	0.0	0.0	0.0	0.0	0.0
2021-06-21 15:52:07.197	00:00:11	0.0	52.0	0.0	0.0	0.0	0.0	0.0
2021-06-21 16:04:30.328	00:00:17	0.0	48.0	0.0	0.0	0.0	0.0	0.0
2021-06-21 16:49:28.462	00:00:16	220.0	0.0	0.0	0.0	0.0	0.0	0.0
2021-06-21 16:51:05.992	00:00:11	144.0	0.0	0.0	0.0	0.0	0.0	0.0
2021-06-21 16:56:50.423	00:00:08	0.0	25.0	0.0	0.0	34.0	0.0	0.0
2021-06-21 17:14:49.654	00:00:22	349.0	0.0	0.0	0.0	0.0	0.0	0.0
2021-06-21 17:20:35.345	00:00:15	241.0	0.0	0.0	0.0	0.0	0.0	0.0
2021-06-21 17:20:56.635	00:00:19	56.0	0.0	0.0	0.0	0.0	0.0	0.0
2021-06-21 17:37:31.646	00:00:14	196.0	0.0	0.0	0.0	0.0	0.0	0.0
2021-06-21 21:35:19.976	00:00:11	0.0	99.0	0.0	0.0	0.0	0.0	0.0
2021-06-22 05:04:33.228	00:00:26	345.0	0.0	0.0	0.0	0.0	0.0	0.0
2021-06-22 05:06:16.978	00:00:48	21.0	0.0	0.0	1287.0	0.0	0.0	0.0
2021-06-22 05:07:06.018	00:00:04	0.0	0.0	0.0	10.0	0.0	0.0	0.0
2021-06-22 05:07:21.518	00:00:38	653.0	158.0	0.0	0.0	0.0	0.0	0.0
2021-06-22 05:08:10.168	00:00:15	256.0	0.0	0.0	435.0	0.0	0.0	0.0
2021-06-22 05:12:30.189	00:00:22	23.0	28.0	0.0	937.0	0.0	0.0	0.0
2021-06-22 05:12:55.409	00:00:20	42.0	0.0	0.0	574.0	0.0	0.0	0.0
2021-06-22 05:16:50.989	00:00:13	192.0	0.0	0.0	0.0	0.0	0.0	0.0
2021-06-22 05:17:29.279	00:00:14	0.0	82.0	0.0	0.0	0.0	0.0	0.0
2021-06-22 05:35:32.921	00:00:22	296.0	0.0	0.0	0.0	0.0	0.0	0.0
2021-06-22 06:32:29.825	00:00:24	237.0	0.0	0.0	0.0	0.0	0.0	0.0
2021-06-22 06:41:27.256	00:00:27	395.0	0.0	0.0	0.0	0.0	0.0	0.0
2021-06-22 07:01:05.668	00:00:20	0.0	282.0	0.0	0.0	0.0	0.0	0.0
2021-06-22 07:13:02.869	00:00:58	1070.0	0.0	0.0	0.0	0.0	0.0	0.0
2021-06-22 07:14:08.669	00:00:09	192.0	0.0	0.0	0.0	0.0	0.0	0.0
2021-06-22 07:30:23.140	00:00:48	940.0	0.0	0.0	0.0	0.0	0.0	0.0
2021-06-22 07:33:21.141	00:00:12	99.0	0.0	0.0	0.0	0.0	0.0	0.0
2021-06-22 08:11:04.284	00:01:16	544.0	0.0	0.0	0.0	0.0	0.0	0.0
2021-06-22 08:48:32.267	00:00:28	3.0	120.0	96.0	0.0	0.0	0.0	0.0
2021-06-22 09:05:01.928	00:00:04	19.0	0.0	0.0	0.0	0.0	0.0	0.0
2021-06-22 09:05:27.978	00:00:06	132.0	0.0	0.0	0.0	0.0	0.0	0.0
2021-06-22 09:05:36.678	00:01:05	933.0	0.0	0.0	95.0	0.0	0.0	0.0
2021-06-22 10:41:40.438	00:00:05	49.0	0.0	0.0	0.0	0.0	0.0	0.0
2021-06-22 10:41:47.328	00:00:34	691.0	0.0	0.0	0.0	0.0	0.0	0.0
2021-06-22 10:53:20.919	00:00:10	0.0	67.0	0.0	0.0	0.0	0.0	0.0
2021-06-22 10:53:34.539	00:00:32	423.0	0.0	0.0	0.0	0.0	0.0	0.0
2021-06-22 11:34:09.543	00:00:24	466.0	0.0	0.0	0.0	0.0	0.0	0.0
2021-06-22 11:43:02.644	00:00:06	47.0	0.0	0.0	0.0	0.0	0.0	0.0
2021-06-22 13:09:42.171	00:00:08	23.0	0.0	0.0	0.0	0.0	0.0	0.0
2021-06-22 13:50:51.294	00:00:26	505.0	0.0	0.0	0.0	0.0	0.0	0.0
2021-06-22 13:51:33.724	00:00:23	362.0	0.0	0.0	0.0	0.0	0.0	0.0
2021-06-22 14:28:12.367	00:01:10	1122.0	0.0	0.0	0.0	0.0	0.0	0.0
2021-06-22 15:31:05.593	00:00:23	152.0	0.0	0.0	0.0	0.0	0.0	0.0
2021-06-22 18:18:23.623	00:00:34	649.0	0.0	0.0	0.0	0.0	0.0	0.0
2021-06-22 18:49:33.256	00:00:10	0.0	0.0	0.0	131.0	0.0	0.0	0.0
2021-06-22 18:55:25.716	00:00:15	122.0	0.0	0.0	0.0	0.0	0.0	0.0
2021-06-22 19:06:51.087	00:00:20	287.0	0.0	0.0	0.0	0.0	0.0	0.0
2021-06-22 19:08:16.167	00:00:16	216.0	0.0	0.0	0.0	0.0	0.0	0.0
2021-06-22 19:21:43.968		0.0	0.0	0.0	61.0	0.0	0.0	0.0
2021-06-22 19:25:22.469	00:00:09	0.0	0.0	0.0	57.0	0.0	0.0	0.0
2021-06-22 19:27:20.889	00:00:10	0.0	0.0	0.0	69.0	0.0	0.0	0.0
2021-06-22 19:30:13.659	00:00:26	0.0	0.0	0.0	415.0	0.0	0.0	0.0
2021-06-22 19:30:59.819	00:00:06	0.0	0.0	0.0	78.0	0.0	0.0	0.0
2021-06-22 19:32:17.389	00:00:19	0.0	0.0	0.0	323.0	0.0	0.0	0.0
2021-06-22 19:35:49.470	00:00:24	2.0	0.0	0.0	587.0	0.0	0.0	0.0
2021-06-22 19:36:15.640	00:00:15	0.0	0.0	0.0	204.0	0.0	0.0	0.0
2021-06-22 19:36:33.550	00:00:07	0.0	0.0	0.0	22.0	0.0	0.0	0.0
2021-06-22 20:03:45.442	00:00:12	0.0	0.0	0.0	161.0	0.0	0.0	0.0
2021-06-22 20:20:13.133	00:00:20	0.0	335.0	0.0	0.0	0.0	0.0	0.0
2021-06-22 20:40:07.475	00:00:09	0.0	0.0	0.0	68.0	0.0	0.0	0.0
2021-06-22 20:58:13.437	00:00:17	0.0	0.0	0.0	211.0	0.0	0.0	0.0
2021-06-22 21:01:20.927	00:00:06	0.0	0.0	0.0	45.0	0.0	0.0	0.0
2021-06-22 21:01:27.537	00:00:11	0.0	0.0	0.0	124.0	0.0	0.0	0.0
2021-06-22 21:07:23.657	00:00:46	774.0	105.0	0.0	28.0	0.0	0.0	0.0
2021-06-22 21:08:18.357	00:00:30	0.0	0.0	0.0	777.0	0.0	0.0	0.0
2021-06-22 21:08:49.367	00:00:08	0.0	0.0	0.0	172.0	0.0	0.0	0.0
2021-06-22 21:08:58.067	00:00:24	0.0	0.0	0.0	460.0	0.0	0.0	0.0
2021-06-22 21:09:34.317	00:00:05	0.0	0.0	0.0	36.0	0.0	0.0	0.0
2021-06-22 21:11:32.738	00:00:39	2.0	0.0	0.0	459.0	0.0	0.0	0.0
2021-06-22 21:13:48.128	00:00:15	0.0	0.0	0.0	316.0	0.0	0.0	0.0
2021-06-22 21:14:05.638	00:00:07	0.0	0.0	0.0	95.0	0.0	0.0	0.0
2021-06-22 21:14:47.368	00:00:16	33.0	0.0	0.0	206.0	0.0	0.0	0.0
2021-06-22 21:16:33.678	00:00:19	0.0	0.0	0.0	280.0	0.0	0.0	0.0
2021-06-22 21:22:05.599	00:00:25	15.0	0.0	0.0	334.0	0.0	0.0	0.0
2021-06-22 21:23:07.859	00:00:16	0.0	0.0	0.0	216.0	0.0	0.0	0.0
2021-06-22 21:23:27.489	00:00:11	0.0	0.0	0.0	173.0	0.0	0.0	0.0
2021-06-22 21:23:41.189	00:00:24	28.0	0.0	0.0	500.0	0.0	0.0	0.0
2021-06-22 21:24:11.609	00:00:15	0.0	0.0	0.0	64.0	0.0	0.0	0.0
2021-06-22 21:24:38.169	00:00:09	0.0	0.0	0.0	117.0	0.0	0.0	0.0
2021-06-22 21:45:41.041	00:00:06	0.0	0.0	0.0	108.0	0.0	0.0	0.0
2021-06-22 21:46:01.111	00:00:04	0.0	0.0	0.0	28.0	0.0	0.0	0.0
2021-06-22 21:46:37.091	00:00:11	0.0	0.0	0.0	116.0	0.0	0.0	0.0
2021-06-22 21:49:32.781	00:00:25	0.0	0.0	0.0	449.0	0.0	0.0	0.0
2021-06-22 21:51:47.391	00:00:09	0.0	0.0	0.0	166.0	0.0	0.0	0.0
2021-06-22 21:52:09.671	00:00:03	0.0	0.0	0.0	69.0	0.0	0.0	0.0
2021-06-23 06:23:52.454	00:00:25	0.0	215.0	0.0	0.0	0.0	0.0	0.0
2021-06-23 06:54:01.639	00:00:07	0.0	0.0	0.0	83.0	0.0	0.0	0.0
2021-06-23 08:01:42.354	00:00:08	0.0	0.0	0.0	77.0	0.0	0.0	0.0
2021-06-23 08:11:02.105	00:00:04	0.0	0.0	0.0	83.0	0.0	0.0	0.0
2021-06-23 08:12:20.065	00:00:33	45.0	0.0	0.0	339.0	0.0	0.0	0.0
2021-06-23 08:20:58.876	00:00:17	0.0	0.0	0.0	268.0	0.0	0.0	0.0
2021-06-23 08:21:17.056	00:00:17	2.0	0.0	0.0	588.0	0.0	0.0	0.0
2021-06-23 08:22:00.236	00:00:06	0.0	0.0	0.0	62.0	0.0	0.0	0.0
2021-06-23 08:25:33.856	00:00:16	5.0	0.0	0.0	194.0	0.0	0.0	0.0
2021-06-23 08:26:52.166	00:00:09	0.0	0.0	0.0	38.0	0.0	0.0	0.0
2021-06-23 08:39:46.707	00:00:08	0.0	0.0	0.0	32.0	0.0	0.0	0.0
2021-06-23 08:41:07.348	00:00:06	0.0	0.0	0.0	31.0	0.0	0.0	0.0
2021-06-23 09:00:30.719	00:00:38	197.0	0.0	0.0	0.0	0.0	0.0	0.0
2021-06-23 09:40:12.553	00:00:12	0.0	0.0	0.0	275.0	0.0	0.0	0.0
2021-06-23 09:50:20.473	00:00:31	154.0	8.0	0.0	563.0	0.0	0.0	5.0
2021-06-23 09:50:57.423	00:00:07	0.0	0.0	0.0	96.0	0.0	0.0	0.0
2021-06-23 10:06:31.595	00:00:10	16.0	0.0	0.0	106.0	0.0	0.0	0.0
2021-06-23 10:07:02.095	00:00:11	3.0	0.0	0.0	86.0	0.0	0.0	0.0
2021-06-23 10:10:49.835	00:00:07	4.0	0.0	0.0	20.0	0.0	0.0	0.0
2021-06-23 10:10:58.655	00:00:06	85.0	0.0	0.0	162.0	0.0	0.0	0.0
2021-06-23 10:12:14.805	00:00:08	130.0	0.0	0.0	7.0	0.0	0.0	0.0
2021-06-23 10:12:52.785	00:00:05	136.0	0.0	0.0	77.0	0.0	0.0	0.0
2021-06-23 10:12:59.395	00:00:23	82.0	0.0	0.0	705.0	0.0	0.0	0.0
2021-06-23 11:25:08.551	00:00:27	345.0	0.0	0.0	375.0	0.0	0.0	0.0
2021-06-23 11:47:01.863	00:00:07	8.0	0.0	0.0	32.0	0.0	0.0	0.0
2021-06-23 11:47:11.663	00:00:04	12.0	0.0	0.0	44.0	0.0	0.0	0.0
2021-06-23 11:47:17.643	00:00:06	99.0	0.0	0.0	88.0	0.0	0.0	0.0
2021-06-23 11:47:26.063	00:00:03	41.0	0.0	0.0	79.0	0.0	0.0	0.0
2021-06-23 11:49:58.923	00:00:04	0.0	0.0	0.0	64.0	0.0	0.0	0.0
2021-06-23 11:52:24.814	00:00:12	178.0	0.0	0.0	0.0	0.0	0.0	0.0
2021-06-23 11:52:58.454	00:01:30	1557.0	0.0	0.0	0.0	0.0	0.0	0.0
2021-06-23 20:39:34.998	00:00:29	0.0	90.0	0.0	4.0	0.0	0.0	0.0
2021-06-24 05:05:13.160	00:00:10	15.0	0.0	0.0	22.0	0.0	0.0	0.0
2021-06-24 07:22:09.212	00:00:03	0.0	9.0	0.0	0.0	0.0	0.0	0.0
2021-06-24 08:55:01.509	00:01:14	1399.0	0.0	0.0	0.0	0.0	0.0	0.0
2021-06-24 15:40:08.489	00:00:07	0.0	0.0	0.0	0.0	17.0	0.0	0.0
2021-06-24 15:56:23.151	00:00:53	0.0	846.0	0.0	0.0	0.0	0.0	0.0
2021-06-24 17:24:49.098	00:00:24	0.0	431.0	0.0	0.0	0.0	0.0	0.0
2021-06-24 18:49:22.895	00:00:13	139.0	0.0	0.0	0.0	0.0	0.0	0.0
2021-06-24 20:57:37.816	00:00:27	443.0	0.0	0.0	0.0	0.0	0.0	0.0
2021-06-24 21:01:00.766	00:00:07	0.0	0.0	0.0	82.0	0.0	0.0	0.0
2021-06-24 21:48:39.580	00:00:03	0.0	0.0	0.0	24.0	0.0	0.0	0.0
2021-06-25 06:23:07.253	00:00:04	0.0	0.0	0.0	46.0	0.0	0.0	0.0
2021-06-25 08:26:48.923	00:00:38	660.0	0.0	0.0	0.0	0.0	0.0	0.0
2021-06-25 08:27:32.363	00:00:05	75.0	0.0	0.0	0.0	0.0	0.0	0.0
2021-06-25 08:27:56.763	00:00:12	0.0	30.0	0.0	0.0	0.0	0.0	0.0
2021-06-25 08:31:33.413	00:00:07	5.0	0.0	0.0	0.0	25.0	0.0	0.0
2021-06-25 10:03:16.282	00:00:15	50.0	0.0	0.0	50.0	0.0	0.0	0.0
2021-06-25 10:03:35.951	00:00:11	13.0	0.0	0.0	546.0	0.0	0.0	238.0
2021-06-25 10:04:07.959	00:00:09	11.0	0.0	0.0	155.0	0.0	0.0	59.0
2021-06-25 10:07:59.321	00:00:07	64.0	0.0	0.0	2.0	0.0	0.0	0.0
2021-06-25 10:18:15.702	00:00:21	44.0	0.0	0.0	569.0	0.0	0.0	82.0
2021-06-25 10:23:41.912	00:00:21	17.0	0.0	0.0	1659.0	0.0	0.0	107.0
2021-06-25 10:30:05.343	00:00:05	0.0	0.0	0.0	0.0	25.0	0.0	0.0
2021-06-25 10:57:35.615		277.0	0.0	0.0	0.0	0.0	0.0	0.0
2021-06-25 11:32:37.278	00:00:45	5.0	0.0	0.0	3812.0	0.0	0.0	972.0
2021-06-25 11:36:57.829	00:00:05	0.0	0.0	0.0	0.0	16.0	0.0	0.0
2021-06-25 11:41:18.569	00:00:07	19.0	0.0	0.0	167.0	0.0	0.0	12.0
2021-06-25 13:18:53.257	00:00:43	2.0	0.0	0.0	912.0	0.0	0.0	81.0
2021-06-25 13:20:41.337	00:00:03	20.0	0.0	0.0	8.0	0.0	0.0	0.0
2021-06-25 14:38:34.264	00:00:04	0.0	0.0	0.0	2.0	12.0	0.0	0.0
2021-06-25 14:39:24.654	00:00:03	0.0	0.0	0.0	0.0	10.0	0.0	0.0
2021-06-25 15:27:08.468	00:00:05	0.0	0.0	0.0	0.0	21.0	0.0	0.0
2021-06-25 15:39:50.279	00:00:04	27.0	0.0	0.0	0.0	0.0	0.0	0.0
2021-06-25 16:20:37.882	00:00:06	0.0	0.0	0.0	0.0	42.0	0.0	0.0
2021-06-25 16:40:21.674	00:00:06	0.0	0.0	0.0	0.0	17.0	0.0	0.0
2021-06-25 18:25:50.583	00:00:07	0.0	0.0	0.0	0.0	27.0	0.0	0.0
2021-06-25 18:55:21.095	00:00:06	0.0	0.0	0.0	0.0	15.0	0.0	0.0
2021-06-25 19:39:33.989	00:00:06	0.0	0.0	0.0	0.0	32.0	0.0	0.0
2021-06-25 19:50:46.620	00:00:19	44.0	0.0	0.0	0.0	0.0	0.0	0.0
2021-06-26 05:16:25.667	00:00:10	55.0	0.0	0.0	0.0	0.0	0.0	0.0
2021-06-26 05:22:19.928	00:00:14	7.0	0.0	0.0	140.0	0.0	0.0	3.0
2021-06-26 05:23:23.318	00:00:15	85.0	0.0	0.0	67.0	0.0	0.0	0.0
2021-06-26 05:23:47.428	00:00:14	33.0	0.0	0.0	473.0	0.0	0.0	15.0
2021-06-26 05:24:04.418	00:00:21	27.0	0.0	0.0	396.0	0.0	0.0	10.0
2021-06-26 05:24:28.698	00:00:25	16.0	0.0	0.0	471.0	0.0	0.0	8.0
2021-06-26 05:42:43.429		0.0	0.0	0.0	830.0	0.0	0.0	60.0
2021-06-26 05:43:58.139	00:00:22	10.0	0.0	0.0	865.0	0.0	0.0	174.0
2021-06-26 05:45:53.329	00:00:12	0.0	0.0	0.0	883.0	0.0	0.0	221.0
2021-06-26 05:46:14.480	00:00:16	0.0	0.0	0.0	1193.0	0.0	0.0	142.0
2021-06-26 05:46:33.830	00:01:14	83.0	0.0	0.0	2906.0	0.0	0.0	327.0
2021-06-26 06:26:48.553	00:00:09	35.0	0.0	0.0	7.0	0.0	0.0	0.0
2021-06-26 06:27:16.973	00:00:03	17.0	0.0	0.0	14.0	0.0	0.0	0.0
2021-06-26 06:27:23.903	00:00:31	45.0	0.0	0.0	290.0	0.0	0.0	155.0
2021-06-26 06:28:13.363	00:02:53	89.0	0.0	0.0	6511.0	0.0	0.0	62158.0
2021-06-26 06:39:10.834	00:00:44	46.0	2.0	0.0	3463.0	0.0	0.0	10148.0
2021-06-26 06:40:03.694	00:00:07	27.0	0.0	0.0	23.0	0.0	0.0	3.0
2021-06-26 06:40:14.724	00:00:41	0.0	0.0	0.0	3441.0	0.0	0.0	9228.0
2021-06-26 06:44:01.474	00:00:10	23.0	0.0	0.0	558.0	0.0	0.0	166.0
2021-06-26 06:44:12.544	00:00:07	0.0	0.0	0.0	406.0	0.0	0.0	68.0
2021-06-26 06:44:57.634	00:00:08	7.0	0.0	0.0	20.0	0.0	0.0	0.0
2021-06-26 06:45:11.444	00:01:09	51.0	0.0	0.0	5259.0	0.0	0.0	20087.0
2021-06-26 06:46:29.025	00:01:27	24.0	0.0	0.0	4234.0	0.0	0.0	38839.0
2021-06-26 06:48:39.005	00:00:07	13.0	0.0	0.0	54.0	0.0	0.0	102.0
2021-06-26 06:48:54.265	00:01:20	9.0	0.0	0.0	1053.0	0.0	0.0	14169.0
2021-06-26 06:50:33.375	00:00:32	24.0	0.0	0.0	215.0	0.0	0.0	264.0
2021-06-26 06:52:15.165	00:00:46	8.0	0.0	0.0	103.0	0.0	0.0	254.0
2021-06-26 07:57:14.421	00:00:36	657.0	0.0	0.0	0.0	0.0	0.0	0.0
2021-06-26 07:59:39.891	00:00:41	688.0	0.0	0.0	0.0	0.0	0.0	0.0
2021-06-26 08:02:00.491	00:00:10	24.0	0.0	0.0	4.0	0.0	0.0	4.0
2021-06-26 08:02:11.441	00:00:11	48.0	0.0	0.0	7.0	0.0	0.0	0.0
2021-06-26 08:02:25.231	00:00:21	35.0	0.0	0.0	166.0	0.0	0.0	82.0
2021-06-26 08:02:52.431	00:00:40	7.0	0.0	0.0	1034.0	0.0	0.0	214.0
2021-06-26 08:24:21.243	00:00:41	128.0	0.0	0.0	41.0	0.0	0.0	47.0
2021-06-26 08:32:18.483	00:00:06	60.0	0.0	0.0	7.0	2.0	0.0	2.0
2021-06-26 08:33:58.994	00:00:24	62.0	0.0	0.0	190.0	0.0	0.0	58.0
2021-06-26 08:34:24.794	00:00:13	14.0	0.0	0.0	29.0	0.0	0.0	2.0
2021-06-26 08:34:56.114	00:00:12	62.0	0.0	0.0	190.0	0.0	0.0	4.0
2021-06-26 08:36:46.044	00:00:12	8.0	0.0	0.0	133.0	0.0	0.0	21.0
2021-06-26 08:37:52.984	00:00:31	12.0	0.0	0.0	711.0	0.0	0.0	619.0
2021-06-26 08:39:06.304	00:00:06	15.0	0.0	0.0	27.0	0.0	0.0	2.0
2021-06-26 08:39:27.114	00:00:10	8.0	0.0	0.0	12.0	0.0	0.0	22.0
2021-06-26 08:42:46.324	00:00:06	56.0	0.0	0.0	2.0	0.0	0.0	0.0
2021-06-26 08:49:41.895	00:00:12	41.0	0.0	0.0	44.0	0.0	0.0	14.0
2021-06-26 10:00:15.291	00:00:07	8.0	0.0	0.0	12.0	0.0	0.0	0.0
2021-06-26 10:01:16.021	00:00:08	45.0	0.0	0.0	0.0	0.0	0.0	0.0
2021-06-26 10:01:38.881	00:00:23	15.0	0.0	0.0	69.0	0.0	0.0	0.0
2021-06-26 10:03:40.191	00:00:57	11.0	0.0	0.0	471.0	0.0	0.0	403.0
2021-06-26 10:05:03.841	00:01:06	8.0	0.0	0.0	2176.0	0.0	0.0	6506.0
2021-06-26 10:11:02.732	00:00:05	28.0	0.0	0.0	33.0	0.0	0.0	4.0
2021-06-26 10:11:57.492	00:00:35	25.0	0.0	0.0	1294.0	0.0	0.0	5485.0
2021-06-26 10:12:43.582	00:00:41	59.0	0.0	0.0	881.0	0.0	0.0	601.0
2021-06-26 10:13:37.182	00:00:19	29.0	0.0	0.0	20.0	0.0	0.0	11.0
2021-06-26 10:13:57.242	00:00:22	26.0	0.0	0.0	87.0	0.0	0.0	17.0
2021-06-26 10:14:20.982	00:01:17	182.0	0.0	0.0	812.0	0.0	0.0	470.0
2021-06-26 10:15:46.282	00:00:41	14.0	0.0	0.0	1085.0	0.0	0.0	1253.0
2021-06-26 10:16:33.742	00:01:00	7.0	0.0	0.0	2478.0	0.0	0.0	673.0
2021-06-26 10:17:42.172	00:00:10	0.0	0.0	0.0	565.0	0.0	0.0	55.0
2021-06-26 10:17:53.142	00:00:09	0.0	0.0	0.0	549.0	0.0	0.0	97.0
2021-06-26 10:18:03.392	00:00:43	2.0	0.0	0.0	1065.0	0.0	0.0	108.0
2021-06-26 10:19:35.342	00:00:20	11.0	0.0	0.0	43.0	0.0	0.0	15.0
2021-06-26 10:20:00.463	00:00:46	23.0	0.0	0.0	986.0	0.0	0.0	292.0
2021-06-26 10:21:05.913	00:00:11	54.0	0.0	0.0	4.0	0.0	0.0	2.0
2021-06-26 10:22:03.143	00:01:11	0.0	0.0	0.0	4595.0	0.0	0.0	5764.0
2021-06-26 10:24:22.513	00:00:58	18.0	0.0	0.0	2826.0	0.0	0.0	2724.0
2021-06-26 10:25:23.953	00:00:12	0.0	0.0	0.0	518.0	0.0	0.0	47.0
2021-06-26 10:28:31.063	00:00:10	0.0	0.0	0.0	50.0	0.0	0.0	0.0
2021-06-26 10:29:03.923	00:00:13	0.0	0.0	0.0	93.0	0.0	0.0	3.0
2021-06-26 10:29:17.363	00:00:08	0.0	0.0	0.0	81.0	0.0	0.0	8.0
2021-06-26 10:29:33.483	00:00:54	12.0	0.0	0.0	5073.0	0.0	0.0	1642.0
2021-06-26 10:30:42.293	00:00:41	3.0	0.0	0.0	3324.0	0.0	0.0	4156.0
2021-06-26 10:31:35.383	00:02:16	30.0	0.0	0.0	9081.0	0.0	0.0	13142.0
2021-06-26 10:33:52.524	00:00:45	2.0	0.0	0.0	2379.0	0.0	0.0	4392.0
2021-06-26 10:40:22.984	00:00:22	3.0	0.0	0.0	38.0	0.0	0.0	21.0
2021-06-26 10:40:58.244	00:00:04	0.0	0.0	0.0	16.0	0.0	0.0	84.0
2021-06-26 10:41:51.264	00:00:10	0.0	0.0	0.0	32.0	0.0	0.0	49.0
2021-06-26 10:42:02.644	00:02:44	4.0	0.0	0.0	2821.0	0.0	0.0	16760.0
2021-06-26 10:44:51.475	00:01:10	0.0	0.0	0.0	589.0	0.0	0.0	7724.0
2021-06-26 10:46:11.185	00:00:17	0.0	0.0	0.0	89.0	0.0	0.0	879.0
2021-06-26 10:47:28.895	00:00:28	0.0	2.0	0.0	649.0	0.0	0.0	862.0
2021-06-26 10:47:58.485	00:00:30	0.0	0.0	0.0	831.0	0.0	0.0	1814.0
2021-06-26 12:46:52.515	00:00:20	68.0	0.0	0.0	0.0	0.0	0.0	0.0
2021-06-26 12:53:29.095	00:00:07	51.0	0.0	0.0	0.0	0.0	0.0	0.0
2021-06-26 13:13:13.447	00:00:04	19.0	0.0	0.0	0.0	0.0	0.0	0.0
2021-06-26 13:36:59.269	00:00:20	5.0	0.0	0.0	56.0	0.0	0.0	0.0
2021-06-26 16:00:18.751	00:00:13	38.0	0.0	0.0	0.0	0.0	0.0	0.0
2021-06-26 16:09:52.792	00:00:26	393.0	0.0	0.0	0.0	0.0	0.0	0.0
2021-06-26 16:43:24.185	00:00:04	70.0	0.0	0.0	0.0	0.0	0.0	0.0
2021-06-26 16:43:29.975	00:01:00	853.0	0.0	0.0	0.0	0.0	0.0	0.0
2021-06-26 20:04:18.402	00:00:04	0.0	0.0	0.0	0.0	17.0	0.0	0.0
2021-06-26 21:04:50.837	00:00:36	332.0	0.0	0.0	0.0	0.0	0.0	0.0
